form,filed,report_date,accession,items
8-K,2025-06-27,2025-06-23,0001375365-25-000020,"1.01,2.03,3.02,8.01,9.01"
8-K,2025-06-23,2025-06-23,0001375365-25-000018,"8.01,9.01"
8-K,2025-06-06,2025-06-04,0001375365-25-000016,"5.02,5.07,9.01"
10-Q,2025-05-12,2025-03-31,0001375365-25-000014,
8-K,2025-05-06,2025-05-06,0001375365-25-000013,"2.02,9.01"
8-K,2025-04-29,2025-04-29,0001375365-25-000012,"2.02,9.01"
8-K,2025-03-31,2025-03-26,0001375365-25-000008,"5.02,7.01,9.01"
8-K,2025-02-26,2025-02-21,0001375365-25-000007,"3.01,5.08,8.01,9.01"
10-Q,2025-02-25,2024-12-31,0001375365-25-000006,
10-Q,2025-02-25,2024-09-30,0001375365-25-000005,
10-K,2025-02-25,2024-06-30,0001375365-25-000004,
8-K,2025-02-21,2025-02-20,0001375365-25-000003,"1.01,2.03,3.02,9.01"
NT 10-Q,2025-02-11,2024-12-31,0001375365-25-000002,
8-K,2025-02-11,2025-02-11,0001375365-25-000001,"2.02,8.01,9.01"
8-K,2024-12-27,2024-12-20,0001375365-24-000046,"1.02,9.01"
8-K,2024-12-06,2024-12-06,0001375365-24-000045,"3.01,9.01"
8-K,2024-12-02,2024-11-27,0001375365-24-000044,"5.02,8.01,9.01"
8-K,2024-11-26,2024-11-20,0001375365-24-000043,"1.02,9.01"
8-K,2024-11-20,2024-11-14,0001375365-24-000042,"1.01,2.03,3.01,9.01"
8-K,2024-11-18,2024-11-18,0001375365-24-000040,"4.01,8.01,9.01"
NT 10-Q,2024-11-13,2024-09-30,0001375365-24-000039,
8-K,2024-11-05,2024-11-01,0001375365-24-000038,"1.02,2.02,9.01"
8-K,2024-11-01,2024-10-28,0001375365-24-000037,"1.01,2.03,9.01"
8-K,2024-10-30,2024-10-24,0001375365-24-000036,"4.01,9.01"
8-K,2024-09-30,2024-09-27,0001375365-24-000035,"1.01,2.03,3.03,5.03,9.01"
8-K,2024-09-26,2024-09-26,0001375365-24-000034,"8.01,9.01"
8-K,2024-09-20,2024-09-17,0001375365-24-000033,"3.01,9.01"
8-K,2024-09-03,2024-09-03,0001375365-24-000032,"7.01,9.01"
NT 10-K,2024-08-30,2024-08-30,0001375365-24-000031,
8-K,2024-08-28,2024-08-28,0001375365-24-000030,"8.01,9.01"
8-K,2024-08-19,2024-08-15,0001375365-24-000029,"5.02,7.01,9.01"
8-K,2024-08-06,2024-08-06,0001375365-24-000028,"2.02,9.01"
8-K,2024-07-22,2024-07-19,0001375365-24-000027,"1.01,7.01,9.01"
8-K,2024-06-21,2024-06-14,0001375365-24-000026,"1.01,2.03,9.01"
8-K,2024-05-09,2024-05-03,0001375365-24-000023,"3.01,9.01"
10-Q,2024-05-06,2024-03-31,0001375365-24-000022,
8-K,2024-04-30,2024-04-30,0001375365-24-000021,"2.02,9.01"
8-K,2024-03-22,2024-03-19,0001375365-24-000020,"1.01,8.01,9.01"
8-K,2024-03-15,2024-03-11,0001375365-24-000019,"5.02,9.01"
8-K,2024-02-28,2024-02-22,0001375365-24-000017,"1.01,2.03,3.02,9.01"
8-K,2024-02-23,2024-02-22,0001375365-24-000016,"8.01,9.01"
8-K,2024-02-22,2024-02-21,0001375365-24-000015,"1.01,8.01,9.01"
8-K,2024-02-20,2024-02-16,0001375365-24-000014,"1.01,2.03,9.01"
10-Q,2024-02-02,2023-12-31,0001375365-24-000011,
8-K,2024-02-01,2024-01-26,0001375365-24-000010,"1.01,9.01"
8-K,2024-01-29,2024-01-29,0001375365-24-000008,"2.02,9.01"
8-K,2024-01-25,2024-01-22,0001375365-24-000005,"5.02,5.07,9.01"
8-K,2024-01-18,2024-01-18,0001375365-24-000002,"2.02,9.01"
8-K,2023-12-11,2023-12-07,0001375365-23-000050,"1.01,2.03,9.01"
8-K,2023-12-08,2023-12-06,0001375365-23-000044,"1.01,7.01,9.01"
8-K,2023-12-05,2023-11-30,0001193125-23-289241,"1.01,8.01,9.01"
8-K,2023-11-20,2023-11-14,0001375365-23-000043,"5.02,9.01"
10-Q,2023-11-03,2023-09-30,0001375365-23-000041,
8-K,2023-11-01,2023-11-01,0001375365-23-000040,"2.02,9.01"
8-K,2023-10-27,2023-10-27,0001375365-23-000039,"8.01,9.01"
8-K,2023-10-02,2023-09-28,0001375365-23-000038,"1.01,2.03,9.01"
10-K,2023-08-28,2023-06-30,0001375365-23-000036,
8-K,2023-08-08,2023-08-08,0001375365-23-000034,"2.02,9.01"
8-K,2023-07-20,2023-07-20,0001375365-23-000033,"2.02,9.01"
8-K,2023-06-23,2023-06-17,0001375365-23-000032,"1.01,9.01"
8-K,2023-05-23,2023-05-19,0001375365-23-000030,"5.07,9.01"
10-Q,2023-05-05,2023-03-31,0001375365-23-000028,
8-K,2023-05-02,2023-05-02,0001375365-23-000027,"2.02,9.01"
8-K,2023-04-24,2023-04-24,0001375365-23-000026,"2.02,9.01"
8-K,2023-03-15,2023-03-09,0001375365-23-000023,"4.01,9.01"
8-K,2023-02-10,2023-02-07,0001375365-23-000019,"1.01,2.03,9.01"
10-Q,2023-02-03,2022-12-31,0001375365-23-000012,
8-K,2023-01-31,2023-01-31,0001375365-23-000009,"2.02,9.01"
8-K,2023-01-18,2023-01-18,0001375365-23-000004,"2.02,9.01"
8-K,2022-12-20,2022-12-19,0001375365-22-000124,"5.02,7.01,9.01"
10-Q,2022-11-04,2022-09-30,0001375365-22-000119,
8-K,2022-11-01,2022-11-01,0001375365-22-000115,"2.02,9.01"
8-K,2022-10-19,2022-10-19,0001375365-22-000109,"2.02,9.01"
10-K,2022-08-29,2022-06-30,0001375365-22-000103,
8-K,2022-08-12,2022-08-09,0001375365-22-000097,"1.01,2.03,9.01"
8-K,2022-08-09,2022-08-03,0001375365-22-000092,"2.02,8.01,9.01"
8-K,2022-07-20,2022-07-20,0001375365-22-000086,"2.02,9.01"
8-K,2022-05-23,2022-05-19,0001375365-22-000073,"1.01,2.03,9.01"
8-K,2022-05-19,2022-05-18,0001375365-22-000068,"5.02,5.07,9.01"
10-Q,2022-05-06,2022-03-31,0001375365-22-000058,
8-K,2022-05-03,2022-05-03,0001375365-22-000053,"2.02,9.01"
8-K,2022-04-28,2022-04-25,0001375365-22-000049,"1.01,2.03,9.01"
8-K,2022-04-18,2022-04-18,0001375365-22-000046,"2.02,9.01"
8-K,2022-04-06,2022-04-01,0001375365-22-000037,"5.02,8.01,9.01"
8-K,2022-03-31,2022-03-26,0001375365-22-000027,"5.02,9.01"
8-K,2022-03-16,2022-03-11,0001375365-22-000024,8.01
8-K,2022-03-04,2022-03-03,0001375365-22-000021,"1.01,9.01"
10-Q,2022-02-04,2021-12-31,0001375365-22-000013,
8-K,2022-02-01,2022-02-01,0001375365-22-000008,"2.02,9.01"
8-K,2022-01-13,2022-01-07,0001375365-22-000003,"1.01,2.03,9.01"
8-K,2021-12-21,2021-12-21,0001375365-21-000093,8.01
8-K,2021-11-12,2021-11-08,0001375365-21-000087,"1.01,9.01"
10-Q,2021-11-05,2021-09-30,0001375365-21-000083,
8-K,2021-11-02,2021-11-02,0001375365-21-000078,"2.02,9.01"
8-K,2021-10-12,2021-10-05,0001375365-21-000075,"1.01,2.03,9.01"
8-K,2021-10-04,2021-09-30,0001375365-21-000067,"5.02,9.01"
8-K,2021-09-17,2021-09-13,0001375365-21-000064,"1.01,2.03,9.01"
10-K,2021-08-27,2021-06-30,0001375365-21-000060,
8-K,2021-08-10,2021-08-10,0001375365-21-000055,"2.02,9.01"
8-K,2021-07-26,2021-07-20,0001375365-21-000050,"1.01,2.03,9.01"
8-K,2021-06-29,2021-06-28,0001375365-21-000047,"1.01,9.01"
8-K,2021-06-03,2021-05-28,0001375365-21-000039,"5.07,9.01"
10-Q,2021-05-07,2021-03-31,0001375365-21-000034,
8-K,2021-05-04,2021-05-04,0001375365-21-000029,"2.02,9.01"
8-K,2021-03-04,2021-03-01,0001375365-21-000022,"5.02,7.01,9.01"
8-K,2021-02-12,2021-02-12,0001375365-21-000015,"7.01,8.01"
10-Q,2021-02-05,2020-12-31,0001375365-21-000011,
8-K,2021-02-02,2021-01-29,0001375365-21-000005,"2.02,5.02,8.01,9.01"
8-K,2020-12-04,2020-12-02,0001375365-20-000077,"1.01,2.03,9.01"
10-Q,2020-11-06,2020-09-30,0001375365-20-000074,
8-K,2020-11-03,2020-10-28,0001375365-20-000069,"2.02,5.02,8.01,9.01"
10-K,2020-08-31,2020-06-30,0001375365-20-000064,
8-K,2020-08-25,2020-08-25,0001375365-20-000059,"8.01,9.01"
8-K,2020-08-11,2020-08-11,0001375365-20-000057,"2.02,9.01"
8-K,2020-06-11,2020-06-05,0001375365-20-000052,"5.02,9.01"
8-K,2020-06-09,2020-06-05,0001375365-20-000050,"5.07,9.01"
8-K,2020-05-26,2020-05-21,0001375365-20-000044,"5.02,9.01"
8-K,2020-05-18,2020-05-18,0001375365-20-000042,"8.01,9.01"
8-K,2020-05-13,2020-05-12,0001375365-20-000035,"1.01,9.01"
10-Q,2020-05-11,2020-03-31,0001375365-20-000033,
8-K,2020-05-07,2020-05-07,0001375365-20-000030,"2.02,9.01"
8-K,2020-04-02,2020-04-02,0001375365-20-000021,"2.02,7.01,9.01"
8-K,2020-03-10,2020-03-04,0001375365-20-000019,"5.02,9.01"
8-K,2020-02-21,2020-02-21,0001375365-20-000015,8.01
10-Q,2020-02-07,2019-12-31,0001375365-20-000011,
8-K,2020-02-06,2020-02-06,0001375365-20-000008,"2.02,9.01"
8-K,2020-01-09,2020-01-08,0001375365-20-000004,"2.02,9.01"
10-Q,2019-12-20,2019-09-30,0001375365-19-000084,
8-K,2019-12-20,2019-12-19,0001375365-19-000080,"7.01,8.01,9.01"
10-K,2019-12-19,2019-06-30,0001375365-19-000079,
10-Q,2019-12-19,2019-03-31,0001375365-19-000078,
10-Q,2019-12-19,2018-12-31,0001375365-19-000077,
10-Q,2019-12-19,2018-09-30,0001375365-19-000076,
8-K,2019-11-14,2019-11-14,0001375365-19-000059,2.02
NT 10-Q,2019-11-12,2019-09-30,0001375365-19-000055,
8-K,2019-09-09,2019-09-06,0001375365-19-000052,5.02
NT 10-K,2019-08-30,2019-06-30,0001375365-19-000049,
8-K,2019-08-15,2019-08-15,0001375365-19-000047,"2.02,9.01"
8-K,2019-07-02,2019-06-26,0001375365-19-000045,"1.01,5.02,9.01"
8-K,2019-05-17,2019-05-15,0001375365-19-000041,"2.02,5.02,7.01,8.01,9.01"
10-K,2019-05-17,2017-06-30,0001375365-19-000039,
10-Q/A,2019-05-17,2017-03-31,0001375365-19-000037,
10-Q/A,2019-05-17,2016-12-31,0001375365-19-000035,
10-Q/A,2019-05-17,2016-09-30,0001375365-19-000033,
NT 10-Q,2019-05-10,2019-03-31,0001375365-19-000016,
8-K,2019-03-11,2019-03-11,0001375365-19-000010,3.01
8-K,2019-02-27,2019-01-30,0001375365-19-000008,5.02
8-K,2019-02-14,2019-02-14,0001375365-19-000006,"2.02,9.01"
NT 10-Q,2019-02-14,2018-12-31,0001375365-19-000004,
8-K,2019-02-05,2019-01-30,0001375365-19-000002,"1.01,2.03,5.02,5.05,9.01"
8-K,2018-12-11,2018-12-11,0001375365-18-000004,"7.01,9.01"
8-K,2018-11-15,2018-11-14,0001628280-18-014419,"2.02,4.02"
NT 10-Q,2018-11-13,2018-09-30,0001628280-18-014173,
8-K,2018-10-22,2018-10-18,0001628280-18-012712,"7.01,9.01"
8-K,2018-10-15,2018-10-04,0001628280-18-012549,"7.01,9.01"
8-K,2018-09-12,2018-09-07,0001628280-18-011798,"1.01,2.03,9.01"
NT 10-K,2018-08-29,2018-08-29,0001628280-18-011521,
8-K,2018-08-23,2018-08-22,0001628280-18-011320,"3.01,9.01"
8-K,2018-08-21,2018-08-21,0001628280-18-011282,"2.02,9.01"
8-K,2018-08-21,2018-08-21,0001628280-18-011280,"3.01,9.01"
8-K,2018-07-13,2018-07-09,0001628280-18-009214,3.01
8-K,2018-05-21,2018-05-15,0001628280-18-007027,"3.01,9.01"
NT 10-Q,2018-05-10,2018-05-10,0001628280-18-006545,
8-K,2018-05-03,2018-05-03,0001628280-18-005840,"2.02,9.01"
8-K,2018-04-24,2018-04-19,0001628280-18-004949,"1.01,2.03,9.01"
8-K,2018-03-16,2018-03-14,0001628280-18-003318,"3.01,9.01"
8-K,2018-03-13,2018-03-12,0001628280-18-003140,"1.01,2.03,9.01"
8-K,2018-02-21,2018-02-13,0001628280-18-001928,"3.01,9.01"
NT 10-Q,2018-02-09,2018-02-09,0001628280-18-001354,
8-K,2018-01-30,2018-01-30,0001628280-18-000714,"2.02,5.02"
8-K,2018-01-17,2018-01-12,0001628280-18-000366,"1.01,2.03,9.01"
8-K,2017-11-20,2017-11-16,0001628280-17-011731,"3.01,9.01"
NT 10-Q,2017-11-13,2017-11-13,0001628280-17-011478,
8-K,2017-10-31,2017-10-28,0001193125-17-327461,"1.01,2.03,9.01"
8-K,2017-10-26,2017-10-26,0001628280-17-010235,"2.02,9.01"
8-K,2017-09-15,2017-09-14,0001628280-17-009319,"3.01,9.01"
NT 10-K,2017-08-29,2017-08-29,0001628280-17-008984,
8-K,2017-08-03,2017-08-03,0001628280-17-008033,"2.02,9.01"
8-K,2017-07-20,2017-07-20,0001628280-17-007157,"2.02,9.01"
10-Q,2017-05-10,2017-03-31,0001628280-17-005370,
8-K,2017-04-27,2017-04-27,0001628280-17-004432,"2.02,9.01"
8-K,2017-03-02,2017-03-01,0001628280-17-002111,5.07
10-Q,2017-02-07,2016-12-31,0001628280-17-000961,
8-K,2017-01-26,2017-01-26,0001628280-17-000437,"2.02,9.01"
10-Q,2016-11-07,2016-09-30,0001628280-16-020941,
8-K,2016-10-27,2016-10-27,0001628280-16-020384,"2.02,9.01"
10-K,2016-08-26,2016-06-30,0001628280-16-019274,
8-K,2016-08-04,2016-08-04,0001628280-16-018511,"2.02,9.01"
8-K,2016-07-18,2016-07-18,0001628280-16-017629,"2.02,8.01,9.01"
10-Q,2016-05-06,2016-03-31,0001628280-16-015755,
8-K,2016-04-28,2016-04-28,0001628280-16-014939,"2.02,9.01"
8-K,2016-04-15,2016-04-14,0001628280-16-014222,"2.02,9.01"
8-K,2016-03-14,2016-03-08,0001628280-16-012679,"5.02,5.07,9.01"
10-Q,2016-02-04,2015-12-31,0001628280-16-010768,
8-K,2016-01-28,2016-01-28,0001628280-16-010494,"2.02,9.01"
8-K,2016-01-12,2016-01-12,0001628280-16-010201,"2.02,9.01"
10-Q,2015-11-16,2015-09-30,0001628280-15-008828,
10-K/A,2015-11-16,2015-06-30,0001628280-15-008827,
8-K/A,2015-11-16,2015-10-22,0001628280-15-008826,2.02
NT 10-Q,2015-11-10,2015-09-30,0001628280-15-008619,
8-K,2015-10-22,2015-10-22,0001628280-15-007783,"2.02,9.01"
8-K,2015-10-08,2015-10-08,0001628280-15-007626,"2.02,9.01"
10-K,2015-09-10,2015-06-30,0001628280-15-007025,
NT 10-K,2015-08-31,2015-06-30,0001628280-15-006916,
8-K,2015-08-04,2015-08-04,0001628280-15-006029,"2.02,9.01"
10-Q,2015-05-07,2015-03-31,0001628280-15-003900,
8-K,2015-04-21,2015-04-21,0001628280-15-002702,"2.02,9.01"
8-K,2015-02-17,2015-02-11,0001628280-15-000794,5.07
10-Q,2015-02-09,2014-12-31,0001628280-15-000533,
8-K,2015-01-20,2015-01-15,0001628280-15-000167,"2.02,5.02,9.01"
10-Q,2014-11-06,2014-09-30,0001445305-14-004894,
8-K,2014-10-21,2014-10-21,0001445305-14-004352,"2.02,9.01"
10-K,2014-09-15,2014-06-30,0001445305-14-003958,
8-K,2014-08-05,2014-08-05,0001445305-14-003415,"2.02,9.01"
10-Q,2014-05-07,2014-03-31,0001445305-14-001932,
8-K,2014-04-22,2014-04-22,0001445305-14-001395,"2.02,9.01"
8-K,2014-02-14,2014-02-13,0001445305-14-000466,5.07
10-Q,2014-02-07,2013-12-31,0001445305-14-000277,
8-K,2014-01-21,2014-01-21,0001445305-14-000098,"2.02,9.01"
